Título;Fecha;Comentario
The Gift;2015;y ha estado bien. Al principio bastante previsible pero luego mejora. Se deja ver.
El impostor;2012;Chulísima, me ha gustado mucho. Muy buen ritmo, mantiene la atención todo el rato, está genial. Filmin.
Eighth grade;2018;Maravillosa porque en esta casa es devoción lo que tenemos por Bo Burnham. Lástima que solo se pueda ver en Estados Unidos.
La niebla;2007;Se deja ver. Hay interpretaciones y diálogos un poco flojillos. Pero al final coge buen paso y se ve. Pero vamos, sin más.
Cerdita;2022;Pues muy bien, camina para adelante, buenas interpretaciones, buena imagen, arranca mejor que termina pero no desmerece. Está chula. Es un buen trabajo.
Nuestro padre;2022;Documental sobre un médico negligente que insemina a más de 100 pacientes con su propio semen en lugar del del padre o donante. Interesante y se deja ver pero perdura más la historia en sí que el hecho fílmico.
Oh boy;2012;Se deja ver pero no me dice nada, la verdad. Rollito nouvelle vague y Woody Allen pero con Berlín de fondo. Al menos no es soporífera.
Locke;2013;Tom Hardy está espectacular, la peli tiene buen ritmo y camina para adelante sin que te des cuenta. Lo único es que quizá genera una expectación que es incapaz de colmar, no por ineficaz sino por su naturaleza dramática.
Some kind of monster;2004;Resulta decepcionante a la par que interesante descubrir que Metallica tiene el proceso creativo de niños de 8 años haciendo un mural para clase de plástica, entre tantas otras movidas. El docu se deja ver muy bien, como todo Berlinger y Sinofsky.
Oswald. El falsificador;2022;Es genial. Sales pensando que Oswald es un tío de puta madre en verdad. Elio es un perfil que podría haberse dedicado a otra cosa pero tanto Oswaldo como Michael son peña que no podrían haber hecho otra cosa en su vida. Libre albedrío, mis cojones.
As bestas;2022;Id a verla. Está guapísima. Una pasada. Y lo de Luis Zahera no es ni medio normal. Qué tiburón de la interpretación. Una maravilla todo.
La llegada;2016;Muy chula. A partir de una idea sin evidencia (la hipótesis Sapir-Whorf) se desarrolla una ciencia-ficción que se mantiene muy bien. Y en definitiva, lo importante es el mensaje final: vive desde ya mismo la vida que más se acerque a la vida que quieres vivir.
Cinco lobitos;2022;"A veces uno es feliz y no lo sabe." Una película sublime.
Los renglones torcidos de Dios;2022;Está chula, camina para adelante y cumple su propósito. Pero sin más. Ninguna obra maestra.
El agua;2022;Soberano coñazo con un sonido espantoso que no sé si es cosa de la peli o de Filmin pero vaya tela. Rollo no ficción lentísimo repleto de secuencias de estas que dan la impresión de ser prescindibles. Pretendidamente sesuda pero con la profundidad de un charco.
The Innocents;2021;Espeluznante. Está guapísima. Es increíble cómo pueden trabajar tan bien los nanos. Me ha encantado.
Sound city;2013;No la había visto aún. Yo solo espero que antes de que apiche, Dave Grohl le done la puta consola esa a quien se la tenga que donar allí en Estados Unidos. Explica genial el fenómeno, muy chula. Además de que es un cónclave de fueras de serie todo el rato.
Whitney;2018;El discurso fluye y me ha gustado que aunque está más centrado en la figura de ella, sí hay unas secuencias-collage con imágenes del contexto histórico que al menos señalan que toda música emerge en un momento dado. Por lo demás, qué pena y qué tróspido todo.
The lobster;2015;El rollo alegórico e inverosímil está muy guay, ese exceso constante en todo. Además, fluye y camina sin que te des cuenta y si eso pasa es que funciona. Ahora bien, no me ha gustado nada el final. ¿Qué cojones se supone que sucede?
Barbarian;2022;Pues quitando algún cabo que queda por atar y alguna que otra inverosimilitud, me ha gustado mucho. Camina adelante, buenos giros, buen ritmo y, sobre todo, un final decente que no la caga y que cierra bien. He pasado un buen rato.
El juicio de los siete de Chicago;2020;Está guapísima. Sobre el juicio a siete protestantes inocentes en las revueltas de Chicago del 69. Cuando una peli consigue no hacerte pensar en otra cosa... Bingo.
Upon Entry;2023;Acabo de caer en que esta se me pasó ponerla y me flipó muchísimo. Ideal para ir acompañado y luego comentarla. Me voló la mente. Es un peliculón.
Lamb;2021;No sucede gran cosa pero mola. Es flipante que los animales son tan personajes o más que los personajes humanos. Tiene momentos brillantes a nivel visual, si bien falta drama y desmerece el elemento "muleta" del personaje del hermano.
El monstruo de St. Pauli;2019;Historia de asesino en serie. Es realmente asquerosa. Creo que la he mirado todo el rato con cara de estar comiendo limones. Es de esas pelis que consiguen que huelas la escena. Vomitivamente recomendable.
Círculo;2015;El planteamiento pretende más de lo que luego ofrece. Muy normalita, floja por momentos. Lo de los aliens una fumada. Yo habría preferido ausencia de causa, un poco como en Cube.
Host;2020;Me ha encantado. Hacía mucho tiempo que no estaba tan cagada con una peli. ¡Qué agotamiento! Muy naturalista, parece una sesión de Zoom de verdad. El fondo, mil veces visto, pero la forma es lo que te conquista. Un 10.
El teléfono;2020;Pues muy entretenida y bastante bien atada, la verdad es que ha caminado para adelante hasta el girito de 180° que ocupa literalmente el último minuto de la peli... Como decimos en Valencia "però això era precís?" Yo digo no.
O corno;2023;Es hermosa, los planos nocturnos parecen cuadros barrocos; las mujeres son protagonistas y casi todo el elenco, pero no es suficiente. Lo tiene todo para brillar pero le falta trama, falta densidad, faltan diálogos. Es buena película pero con todo es una pena.
All the beauty and the bloodshed;2022;Me ha encantado. Sobre el activismo contra los opioides en EE. UU. liderado por Nan Goldin y al mismo tiempo una suerte de biografía de la artista e inevitable repaso de su obra. Enésima evidencia de la tremenda cloaca infecta q es EE. UU.
Hermana Muerte;2023;SPOILER. No camina para adelante, no acaba de arrancar, no coge ritmo hasta los últimos 20'. Bastante decalage ahí. Ahora, estéticamente, chulísima. Y una historia enteramente de mujeres siempre es bien.
El club del odio;2022;Funciona como thriller, camina para adelante y genera tensión pero le falta verosimilitud, más fondo, más motivación en los personajes, más conexiones, y sobra algún que otro deus ex machina que viene a suplir esas faltas.
Pretend it's a city;2021;He visto el primer capítulo y está chula. Me he reído bastante. Un ensayo sobre Nueva York a través de Fran Lebowitz, que es fabulosa e insoportable a partes iguales. Ella es tal cual Larry David pero en mujer. Y en versión costa este, claro.
Enemy;2013;No sé si merece la puntuación que tiene en Filmaffinity. Gyllenhaal está divino y lo hace genial pero vamos, como drama y thriller... sin más. La cosa tiene menos profundidad de lo que aparenta.
Everest;2015;Creíamos que no la habíamos visto pero a medida que avanzaba nos sonaba un montón y va a ser que sí, aunque tampoco tenemos grandes recuerdos Sin más, pero la verdad es que resulta entretenida y camina para adelante.
Anatomía de una caída;2023;La está petando y no es para menos. Una obra maestra. Funciona, camina, toca mil temas, estimulante a más no poder, las interpretaciones son oro... Es en parte una peli sobre el Derecho y eso a quienes nos gusta nos conquista. Todo en ella es un 10.
La mirada del silencio;2014;Díptico con The act of killing (2012). Tiene algo de cine útil, el cine como un medio para otra cosa. Es tan inverosímil que tildarla de ejemplo de la realidad supera a la ficción se queda corto. Espeluznante, demoledora, intratable... Necesaria.
Cortar por la línea de puntos;2021;Serie de animación de seis capítulos de unos 20’ cada uno. Frenética, desbordante, tiernísima. Mola mucho y ya el último episodio está en Netflix. Muy bonita.
Canino;2009;Da menos de lo que dice dar, y a medida que avanza te percatas de que, en efecto, no te va a dar más. Otro ejemplo de que sugerencias, surrealismo, incógnitas e iconografía potente no son suficiente. Lo mejor, que hablan en griego y el griego siempre es y
20.000 especies de abejas;2023;Una maravilla pero los diálogos, especialmente los de los adultos, son flojos y eso la impide brillar con plena intensidad. Una lástima porque por lo demás lo tiene todo. Aún así, muy recomendable. Muy hermosa.
Perfect Days;2024;Esta se me olvidaba y es que se me hizo más larga que un día sin pan y me aburrí bastante. El trasfondo y el tema son maravillosos pero la forma no me cautivó.
A propósito de Llewyn Davis;2014;Muy floja. No sabemos nada de los personajes, no va a ningún lado, todo resulta gratuito. Un pretexto. No desgrana el contexto; va de música como podría ir de alfombras. Hay cosas chulas pero quedan aisladas. Insuficiente.
Que nadie duerma;2023;Pues bastante sin más. Le cuesta arrancar, luego coge algo de forma y acaba floja. No sé, es que este cine de "completa tú la aventura" a mí ya no me va. Hace años me iba, ahora me da toda la pereza. Las escenas en el taxi, lo mejor.
Fantastic machine;2023;Está guay aunque tampoco he flipado. Es un docu algo errático por descriptivo. Tiene a favor que no pretende llegar a ningún lugar y no juzga, cosa difícil en estos temas. Pero me da que arrancó mejor de lo que luego mantuvo. Filmin.
La Mesías;2023;Diría que queda algún cabo suelto pero con todo y con eso es soberbia. Atrapa desde el minuto uno y no quieres dejar de mirar. Todo el elenco está espectacular, todo súpercuidado... Una joyita.
Class Action Park;2020;Como docu es flojo y es que tiene un problema: todo sucede en la cloaca infecta que es Estados Unidos. Es terrible ver cómo esta gente tiene la cabeza lavada totalmente por la vertiente más cínica del neoliberalismo. Patético todo.
Side by side;2012;Sobre la llegada y transición al cine digital. Menos mal que al final meten una pincelada sobre la problemática de la preservación. Esta peli te recuerda si hay algo que de más pereza en este mundo que los nostálgicos del Cine. No lo creo.
Un gato callejero llamado Bob;2016;La peli que todo amante de los gatos debe ver. Como peli es normalita pero funciona genial y toda la carne está puesta en el gato, que es maravilloso. Muy bonita.
The Taking Of Deborah Logan;2014;Pues no es ninguna obra maestra pero tampoco se merece la puntuación tan baja que tiene en Filmaffinity. Más o menos se aguanta, camina para adelante y entretiene. Esperaba mucho menos.
Señores del caos;2018;La factura y la interpretación están genial pero tampoco tiene mucha chicha. Habría estado bien que hubiesen explorado más a Varg, sus motivaciones, etc. Pesa demasiado el enfoque desde Euronymous. Con todo, camina y se deja ver.
Whiplash;2014;Me ha encantado. Es una cosa tristísima pero tiene un final con un buen revés. Te tiene atrapada todo el rato. No sé si al personaje de Fletcher le falta un pelín más de profundidad... Sea como sea, está guapísima.
Fire of love;2022;El material y la historia es muy poderosa y el docu se hace solo pero me da la sensación de que realmente poco o nada se sabe de la vida personal de ambos como pareja y eso se nota. Lo visual es de diez pero el storytelling... Algo flojo.
Tren de sombras;2014;Es una peli sobre el propio medio cinematográfico y es muy poética y muy bonita pero me acabo aburriendo. Es como el arte conceptual: lo hemos visto cientos de veces y al final se vuelve un poco "old man yelling at a cloud".
Tres minutos. Una exploración;2021;Material de archivo que da pie a hablar del inexorable y destructor paso del tiempo, de la ausencia y de la inevitable convivencia con esta. Está chulo y me resulta muy familiar porque esa es mi profesión.
The night of;2016;Fabulosa miniserie dramática de 8 episodios que muestra las grietas del sistema penal y ejemplifica cómo la aplicación del Derecho no va de buscar la verdad sino de la interpretación que mejor encaja con los elementos que hay. Y con un final soberbio.
Anatomía de una caída;2023;Me apetecía mucho volver a verla y he de decir que la primera vez que la ves conmueve e impacta muchísimo más. Pensaba que en este segundo visionado iba a rascar más cosas y la verdad es que no. Eso sí, sigue siendo un peliculón.
The Bear;2022;No entiendo el éxito. Es errática, inconsistente, débil, y en medio, un par de episodios brillantes. Pero como relato no se sostiene. Al final de la primera temporada remonta algo pero un rato después vuelve a caer en picado. Excepto un par de cosas, prescindible
Handia;2017;Lenta, aburrida, irregular, desinteresante... Y eso que tiene muchos elementos para funcionar. Pues no. Personajes planos, diálogos con la profundidad de un charco... A punto de quitarla he estado.
The White Lotus;2021;Muy chulas las dos temporadas. Son como tragedias griegas contemporáneas. Camina hacia adelante, asienta lentamente los mimbres que permiten luego plantear los problemas en un in crescendo fabuloso. Quitando alguna cosa, muy bien.
The Guilty;2018;La idea del guión es cojonuda y hay momentos buenos pero no brilla, sobran cosas y a veces no camina para adelante, siendo lenta. Visualmente no tiene mucho interés y no acaba de sacarle todo el partido al protagonismo que otorga al campo sonoro.
Dopesick;2021;Sobre el caso Purdue Pharma. Habría mucho que comentar pero en resumen: está guapa. El tema principal es tan poderoso que difícilmente queda espacio para descender bien a los personajes, pero más o menos lo capea.
La peor persona del mundo;2021;Bien pero sin más. Para mí el personaje menos interesante el de la prota. Tiene muy poco arco evolutivo y eso desmerece. Pasan cosas azarosas como en la vida misma pero también cosas muy tochas que no son prácticamente transformadoras. Meh...
Ad Astra;2019;Va de un padre que se va a por tabaco y no vuelve, y su hijo va a buscarlo y bueno, lo encuentra pero tampoco pasa gran cosa. Lo único que el estanco está en Neptuno. Una mierda como un piano de grande. De lo peor que he visto.
La mesita del comedor;2022;Habría sido un fabuloso corto de 15-20' pero no da para largo. Su factura es, de hecho, de corto. Lenta por momentos, secuencias que se hacen muy largas a las que les falta contenido... Con todo, genera tensión y tiene momentos de reírte bastante.
Condenados a vivir;1972;Inauguración de la terraza de verano del Doré 2024. Un western medio gore (algo gratuito, por cierto) en el que todo acaba como el rosario de la aurora. No sé cómo estaría el internegativo pero la restauración luce maravillosa... Qué maravilla de imagen
La casa;2024;Un sutil drama familiar que se queda flojo. Parece que los actores están demasiado pegados al texto, con una intrahistoria y biblia de personajes poco trabajada. De hecho, ninguno brilla. Con todo, queda algo sosa. Algo valioso: no promete nada que no pueda dar. Ah, y algo muy importante sobre esta peli: está ambientada en la CV y hay un total de DOS frases en valenciano. Ves cine vasco, gallego, catalán, y la mitad de la peli es en su idioma y nosotros somos gilipollas que no sacamos lo nuestro.
El último late night;2023;Está muy chula. Terror con formato a lo mockumentary ambientado en los setenta. Camina adelante, buena factura, te mantiene atento, iconografía guapísima... Buen rato hemos pasado.
El otro lado, miniserie;2023;El humor de Berto y Buenafuente hecho serie y sobre misterio, inmejorable. Está chula y es perfectamente redonda. Funciona genial y los guiños-denuncia a Iker, maravillosos. Vigalondo es dios.
La ruta;2022;Me ha encantado. Todo el elenco trabaja genial. No hay tanta complejidad pero por momentos me ha recordado a La mesías. El recurso narrativo de ir hacia atrás en el tiempo le aporta mucha riqueza. Quitando algún detalle, como valenciana digo que está bien llevada.
Alta fidelidad;2000;Bastante sin más. Chirría bastante el tema machuno pero claro, tiene 24 años. Hay momentos chulos pero no destaca en nada. Y mira que podría brillar, en los monólogos, los diálogos... Al final es como que falta chicha.
Mi reno de peluche;2024;Está chula pero a veces se abusa de la misma fórmula narrativa y de montaje y eso pasa factura. Ese montaje frenético con voz en off y estructura sumario... No sé. Hace que al final se disipe todo un poco. No será recordada.
Las horas;2002;Me ha gustado bastante. Habría preferido más drama en algunos diálogos y mucha menos música pero está chula. Una vez más, el tiempo. El tiempo es todo lo que tenemos. Este tiempo. Ahora.
When they see us;2019;Muy buena pero la enésima movida sobre inocentes condenados en Estados Unidos. Que está genial la serie y todos trabajan muy bien pero lo de siempre: que es un país de mierda. Está guay complementala con el Last Week Tonight: Police Interrogations.
Talk to me;2022;Muy buen cine de terror. Crea un universo coherente, camina adelante, es inquietante, te mantiene pegado al sillón, un heimlich-unheimlich bastante verosímil y bien llevado para ser terror puro y duro... Me ha gustado muchísimo. Recomendada.
The Newsroom;2012;Solo vi la primera temporada. No me acabó. Muy compleja, demasiado para verla en VOS y con tantísimos diálogos y tanta rapidez. Tenía un punto de sitcom que descolocaba bastante, igual que el pufo patriótico. Temas interesantes pero not my cup of tea.
The Patient;2022;Me ha gustado mucho. Maravilla ver a Steve Carell en un papel dramático. Camina adelante y mantiene intriga, si bien el saber qué pasa por la mente del psicólogo llega tarde (pero llega). Se agradece mucho que no se recurra al psicoanálisis. Está guapa.
Eric;2024;Muy chula. Factura cuidada y trama algo fantasiosa bien llevada. Eso sí, se han pasado con esas cámaras de seguridad que lo recogen todo a color y 4K en los años ochenta
Te veo;2019;Empieza mal no, lo siguiente. Típica americanada mala. A mitad da un giro de guión y algo mejora. Al menos el efecto sorpresa ese no está mal. Pero no será recordada.
Ripley;2024;Maravillosa. Una delicia visual y narrativa. Los vínculos con el arte, la ausencia de amoríos.... Un cosmos redondo porque acaso algo mejor que una de intriga en la Italia de los años sesenta en blanco y negro?
Tres idénticos desconocidos;2018;No hay una historia, no tiene nada que contar. Sí, a veces la realidad supera la ficción pero para hacerla película necesitas información. Promete mucho más de lo que puede dar y es lenta pues está infladísima de elementos innecesarios.
Smile;2022;Está chula y tiene buenos sustos pero el final es flojo y no responde a la dinámica esperable del género. Pero lo peor es que no hay ninguna transformación en el arco narrativo que motive nada. Preferiría haber visto la historia del presidiario porque la de Rose...
Megamix brutal;2024;Me ha gustado mucho. Son unos crápulas todos, unos más que otros, pero crápulas y vendidos al fin y al cabo. Está genial ver a las claras la cloaca que es la mediocre industria musical de la que luego surgió OT. La verdad que mis dieses.
Cómo cazar a un monstruo;2024;No entiendo el éxito. La serie sigue al condenado pero la historia (si es que acaso puede haber drama aquí) no está en él. Le sobra metraje por repetitiva y el título refleja poco lo que pasa, pues se caza a un monstruo ya cazado.
Eduardo Manostijeras;1990;La he vuelto a ver después de eones. Sigue siendo el cuento hermoso que fue en su día. Otra de esas pelis en las que la belleza y la tristeza son la misma cosa. Nos recuerda que el mundo es un lugar hostil para los que, siendo buenos, son diferentes.
The People v. O. J. Simpson;2016;Muy interesante. Pocas cosas más trepidantes que el Derecho en pantalla. Un caso en el que se le ven las grietas a las reglas del juego a ambos lados. Ejemplo preclaro de que en muchas ocasiones el Derecho no busca la verdad.
The architect;2023;Muy buenos mimbres y desarrollo, muy actual e interesante, pero el final un puto bajón aunque tampoco recuerdo muy bien. Tengo que hacer estas reseñas nada más acabar de ver las cosas!